{"cameraMode":{"drawMode":0,"name":"Shaded","section":"Shading Mode"},"sceneLighting":true,"audioPlay":false,"sceneViewState":{"m_AlwaysRefresh":false,"showFog":true,"showSkybox":true,"showFlares":true,"showImageEffects":true,"showParticleSystems":true,"showVisualEffectGraphs":true,"m_FxEnabled":true},"in2DMode":false,"pivot":{"x":1.8726942539215088,"y":-34.97824478149414,"z":-3.3563613891601564},"rotation":{"x":0.0007868821849115193,"y":0.948944628238678,"z":-0.0111347995698452,"w":0.31652897596359255},"size":5.542631149291992,"orthographic":true}